"V","W","X","Y","Z"
"A",6.31684862626534,0,1.26336972525307,0.631684862626534
"A",-0.425869077820725,0,-0.0851738155641449,-0.0425869077820725
"A",8.51331999575768,0,1.70266399915154,0.851331999575768
"A",1.18729289952092,0,0.237458579904184,0.118729289952092
"A",5.90425232672846,0,1.18085046534569,0.590425232672846
"A",7.03998952756977,0,1.40799790551395,0.703998952756977
"A",7.42798933052038,0,1.48559786610408,0.742798933052038
"A",7.58922441736828,0,1.51784488347366,0.758922441736828
"A",5.36538116011014,0,1.07307623202203,0.536538116011014
"A",6.65761155215628,0,1.33152231043126,0.665761155215628
"A",5.94517933923531,0,1.18903586784706,0.594517933923531
"A",5.75353759845226,0,1.15070751969045,0.575353759845226
"A",1.39379569974256,0,0.278759139948511,0.139379569974256
"A",4.67980027282642,0,0.935960054565283,0.467980027282642
"A",10.5132230320748,0,2.10264460641496,1.05132230320748
"A",5.23645774517461,0,1.04729154903492,0.523645774517461
"A",3.70836839175399,0,0.741673678350799,0.370836839175399
"A",5.38847375764806,0,1.07769475152961,0.538847375764806
"A",7.80834963040058,0,1.56166992608012,0.780834963040058
"A",2.47479203869359,1,0.875303726643324,2.55135310087044
"A",5.06157362627707,0,1.01231472525541,0.506157362627707
"A",10.2037410752694,0,2.04074821505387,1.02037410752694
"A",4.30253053509362,0,0.860506107018724,0.430253053509362
"A",9.09735318845144,0,1.81947063769029,0.909735318845144
"A",2.23068642748925,1,0.315307401819155,1.8197526331835
"A",1.36477760255552,1,0.928364229388535,1.52567084444658
"A",5.30185051519446,0,1.06037010303889,0.530185051519446
"A",6.09250324066819,0,1.21850064813364,0.609250324066819
"A",3.48273083447969,0,0.696546166895937,0.348273083447969
"A",7.91526109567179,0,1.58305221913436,0.791526109567179
"A",2.09222432793477,0,0.418444865586954,0.209222432793477
"A",6.69300151537039,0,1.33860030307408,0.669300151537039
"A",3.93286048360776,0,0.786572096721552,0.393286048360776
"A",0.636346857850398,1,0.764805174665526,0.776480662616692
"A",3.3906651770635,0,0.678133035412701,0.33906651770635
"A",3.22877807196774,0,0.645755614393547,0.322877807196774
"A",-2.85520642068107,1,0.968552345409989,-2.61929060256077
"A",4.77541188109793,0,0.955082376219586,0.477541188109793
"A",6.72921796255023,0,1.34584359251005,0.672921796255023
"A",8.0800093516794,0,1.61600187033588,0.80800093516794
"A",0.194827089604726,0,0.0389654179209451,0.0194827089604726
"A",9.57046979103427,0,1.91409395820685,0.957046979103427
"A",7.06720421837487,0,1.41344084367497,0.706720421837487
"A",-0.537678892566364,1,0.415498055983335,-0.211969149381657
"A",4.54634982786891,0,0.909269965573783,0.454634982786891
"A",5.82583428464532,0,1.16516685692906,0.582583428464532
"A",4.73794402997702,0,0.947588805995403,0.473794402997702
"A",4.26927340973237,0,0.853854681946475,0.426927340973237
"A",5.28647059423071,0,1.05729411884614,0.528647059423071
"A",4.93933832987884,0,0.987867665975767,0.493933832987884
"A",3.47821918041362,0,0.695643836082725,0.347821918041362
"A",6.96029618183534,0,1.39205923636707,0.696029618183534
"A",4.21663312177442,0,0.843326624354884,0.421663312177442
"A",6.03922380353102,0,1.2078447607062,0.603922380353102
"A",11.7149412270027,0,2.34298824540054,1.17149412270027
"A",-0.494344325052209,1,0.633227584417909,-0.22181958016073
"A",4.59663487022121,0,0.919326974044242,0.459663487022121
"A",4.43352867494604,0,0.886705734989208,0.443352867494604
"A",6.1855365685148,0,1.23710731370296,0.61855365685148
"A",9.5308905919502,0,1.90617811839004,0.95308905919502
"A",6.05832053742635,0,1.21166410748527,0.605832053742635
"A",3.12903445211183,0,0.625806890422366,0.312903445211183
"A",11.5147469700645,0,2.30294939401291,1.15147469700645
"A",3.99709395625837,0,0.799418791251674,0.399709395625837
"A",5.06259919005352,0,1.0125198380107,0.506259919005352
"A",1.73368132380299,0,0.346736264760597,0.173368132380299
"A",-0.686923447380548,1,0.591648810310289,-0.374721044595106
"A",2.57440378048357,0,0.514880756096715,0.257440378048357
"A",-3.85358015953615,0,-0.770716031907231,-0.385358015953615
"A",4.90086432774379,0,0.980172865548758,0.490086432774379
"A",1.04563367696335,0,0.20912673539267,0.104563367696335
"A",9.03544375376946,0,1.80708875075389,0.903544375376946
"A",9.06358671192547,0,1.81271734238509,0.906358671192547
"A",1.00432824594286,0,0.200865649188572,0.100432824594286
"A",7.96641240654768,0,1.59328248130954,0.796641240654768
"A",3.97578361955691,0,0.795156723911382,0.397578361955691
"A",6.12701773591221,0,1.22540354718244,0.612701773591221
"A",8.50713344870899,0,1.7014266897418,0.850713344870899
"A",8.11010539193842,0,1.62202107838768,0.811010539193842
"A",4.33487509588124,0,0.866975019176247,0.433487509588124
"A",7.29182222431485,0,1.45836444486297,0.729182222431485
"A",3.75579797308113,0,0.751159594616226,0.375579797308113
"A",11.7004108756748,0,2.34008217513495,1.17004108756748
"A",3.41326928640138,0,0.682653857280277,0.341326928640138
"A",7.89656902839778,0,1.57931380567956,0.789656902839779
"A",4.75570560267384,0,0.951141120534769,0.475570560267384
"A",-2.21297878154372,1,0.903856540564448,-1.92787340725768
"A",0.997684902395974,1,0.08976931264624,0.834435536607832
"A",-1.46115693215603,0,-0.292231386431206,-0.146115693215603
"A",5.93728376155345,0,1.18745675231069,0.593728376155345
"A",4.80759101179014,0,0.961518202358028,0.480759101179014
"A",6.30996115355447,0,1.26199223071089,0.630996115355447
"A",7.48616008954516,0,1.49723201790903,0.748616008954516
"A",6.59702217033615,0,1.31940443406723,0.659702217033616
"A",12.37931496124,0,2.475862992248,1.237931496124
"A",6.41239626308467,0,1.28247925261693,0.641239626308467
"A",0.578372666719405,0,0.115674533343881,0.0578372666719405
"A",6.3150586765284,0,1.26301173530568,0.63150586765284
"A",3.8996833944161,0,0.779936678883219,0.38996833944161
"A",2.24064502630114,0,0.448129005260229,0.224064502630114
"A",2.81994415695818,0,0.563988831391636,0.281994415695818
"A",3.84969193202152,0,0.769938386404303,0.384969193202152
"A",2.61038831232317,1,0.1453992635943,1.91805240271669
"A",4.47270878712191,0,0.894541757424381,0.447270878712191
"A",0.64981047578814,1,0.66607628390193,0.763015624254288
"A",5.68629480204689,0,1.13725896040938,0.568629480204689
"A",4.71501039390402,0,0.943002078780804,0.471501039390402
"A",10.8765265495068,0,2.17530530990136,1.08765265495068
"A",-0.54458857942266,0,-0.108917715884532,-0.054458857942266
"A",5.99068762032374,0,1.19813752406475,0.599068762032374
"A",1.39802991401442,0,0.279605982802883,0.139802991401442
"A",11.5964998975629,0,2.31929997951258,1.15964998975629
"A",0.431615714493,0,0.0863231428985999,0.0431615714493
"A",10.4772538723735,0,2.0954507744747,1.04772538723735
"A",9.02663767613508,0,1.80532753522702,0.902663767613508
"A",-0.203528668204007,0,-0.0407057336408014,-0.0203528668204007
"A",3.20808477724051,0,0.641616955448101,0.320808477724051
"A",1.39030771970176,1,0.688361335778609,1.41699826345194
"A",4.67482950398061,0,0.934965900796122,0.467482950398061
"A",7.05056275948241,0,1.41011255189648,0.705056275948241
"A",6.80677571716316,0,1.36135514343263,0.680677571716316
"A",7.6514500061922,0,1.53029000123844,0.76514500061922
"A",5.39905682044129,0,1.07981136408826,0.539905682044129
"A",4.94669084390808,0,0.989338168781616,0.494669084390808
"A",7.10022152780646,0,1.42004430556129,0.710022152780646
"A",4.38503355994831,0,0.877006711989661,0.438503355994831
"A",6.28408526871805,0,1.25681705374361,0.628408526871805
"A",5.20708239353768,0,1.04141647870754,0.520708239353768
"A",0.989356334725324,1,0.570802448084578,1.01950460799087
"A",4.3137190346175,0,0.8627438069235,0.43137190346175
"A",6.98915336479266,0,1.39783067295853,0.698915336479266
"A",9.80186245125776,0,1.96037249025155,0.980186245125776
"A",7.39550048908534,0,1.47910009781707,0.739550048908534
"A",6.48100746138015,0,1.29620149227603,0.648100746138015
"A",7.10909653867916,0,1.42181930773583,0.710909653867916
"A",-0.954026920830533,1,0.698142697568983,-0.638834923723143
"A",5.91155771879138,0,1.18231154375828,0.591155771879138
"A",2.03298856511717,1,0.629662594292313,1.93183188070161
"A",5.05103193929679,0,1.01020638785936,0.505103193929679
"A",2.34150382974961,0,0.468300765949922,0.234150382974961
"A",7.27747523610702,0,1.4554950472214,0.727747523610702
"A",8.70967687915741,0,1.74193537583148,0.870967687915741
"A",7.76945839423835,0,1.55389167884767,0.776945839423835
"A",9.09467549755358,0,1.81893509951072,0.909467549755358
"A",6.41104479101842,0,1.28220895820368,0.641104479101842
"A",11.2475135724351,0,2.24950271448702,1.12475135724351
"A",5.69559884538633,0,1.13911976907727,0.569559884538633
"A",10.4601093080177,0,2.09202186160354,1.04601093080177
"A",6.11563550356718,0,1.22312710071344,0.611563550356718
"A",3.50197260922592,0,0.700394521845184,0.350197260922592
"A",6.90773150742688,0,1.38154630148538,0.690773150742688
"A",4.63321660778589,0,0.926643321557177,0.463321660778589
"A",0.792219981705659,1,0.790683688595891,0.925890155949155
"A",11.7554909557395,0,2.35109819114791,1.17554909557395
"A",7.41152666654238,0,1.48230533330848,0.741152666654238
"A",2.70673986001347,1,0.978679452324286,2.883656189521
"A",6.31509742417339,0,1.26301948483468,0.631509742417339
"A",8.04670125889013,0,1.60934025177803,0.804670125889013
"A",6.81328277953926,0,1.36265655590785,0.681328277953926
"A",6.19240216981654,0,1.23848043396331,0.619240216981654
"A",4.08632716563912,0,0.817265433127824,0.408632716563912
"A",4.74143993267384,0,0.948287986534768,0.474143993267384
"A",9.09612014815653,0,1.81922402963131,0.909612014815653
"A",8.30816408143258,0,1.66163281628652,0.830816408143258
"A",5.76943483026709,0,1.15388696605342,0.576943483026709
"A",5.93900304311322,0,1.18780060862264,0.593900304311322
"A",9.29048527178297,0,1.85809705435659,0.929048527178297
"A",4.33387524985386,0,0.866775049970772,0.433387524985386
"A",3.81294029464633,0,0.762588058929266,0.381294029464633
"A",2.69531378086708,1,0.79401333979331,2.67323430729512
"A",8.27971392585632,0,1.65594278517126,0.827971392585632
"A",8.0327766850972,0,1.60655533701944,0.80327766850972
"A",4.2670035084948,0,0.85340070169896,0.42670035084948
"A",7.65726481510333,0,1.53145296302067,0.765726481510333
"A",4.45711482341511,0,0.891422964683022,0.445711482341511
"A",9.21641396008365,0,1.84328279201673,0.921641396008365
"A",8.09243636811954,0,1.61848727362391,0.809243636811955
"A",3.20451602620107,0,0.640903205240213,0.320451602620107
"A",2.22392658240286,1,0.628790966235101,2.09370992727572
"A",5.95522588947967,0,1.19104517789593,0.595522588947967
"A",3.1038884613459,0,0.62077769226918,0.31038884613459
"A",9.38604484783693,0,1.87720896956739,0.938604484783693
"A",2.33538241074681,0,0.467076482149361,0.233538241074681
"A",7.39748119091159,0,1.47949623818232,0.739748119091159
"A",3.25651378944586,0,0.651302757889173,0.325651378944586
"A",4.61292936026533,0,0.922585872053066,0.461292936026533
"A",2.90205506480045,1,0.0180253230500966,1.96215723090115
"A",5.45982273917084,0,1.09196454783417,0.545982273917084
"A",6.29074412031881,0,1.25814882406376,0.629074412031881
"A",-0.477050583808244,1,0.671418828424066,-0.214350647916765
"A",-0.257300441409104,0,-0.0514600882818208,-0.0257300441409104
"A",4.27180709663117,0,0.854361419326233,0.427180709663117
"A",4.79417643230056,0,0.958835286460112,0.479417643230056
"A",4.595142664858,0,0.919028532971599,0.4595142664858
"A",0.690186298428102,1,0.251964518334717,0.683672762354725
"A",11.0726665419296,0,2.21453330838593,1.10726665419296
"A",5.89100140672198,0,1.1782002813444,0.589100140672198
"A",5.52707647121312,0,1.10541529424262,0.552707647121312
"A",8.66228979977289,0,1.73245795995458,0.866228979977289
"A",0.48304545448504,0,0.0966090908970081,0.048304545448504
"A",4.88234401070035,0,0.976468802140071,0.488234401070035
"A",7.4221744075958,0,1.48443488151916,0.74221744075958
"A",5.96701348839347,0,1.19340269767869,0.596701348839347
"A",-0.0215631629889526,1,0.380426961462945,0.183780818776461
"A",2.7504014673543,1,0.362694218521938,2.24926276474204
"A",3.54582501269584,0,0.709165002539168,0.354582501269584
"A",6.93720841549223,0,1.38744168309845,0.693720841549223
"A",-1.10985008083568,1,0.28194913151674,-0.591078555063568
"A",2.57018904925482,0,0.514037809850963,0.257018904925482
"A",9.70806856522471,0,1.94161371304494,0.970806856522471
"A",5.94953672157798,0,1.1899073443156,0.594953672157798
"A",11.0585273404023,0,2.21170546808045,1.10585273404023
"A",5.67132099571141,0,1.13426419914228,0.567132099571141
"A",0.556734156396043,1,0.309380922233686,0.602937664535546
"A",3.55255206070153,0,0.710510412140306,0.355255206070153
"A",2.62488252424585,0,0.524976504849169,0.262488252424585
"A",0.838917362759329,0,0.167783472551866,0.0838917362759329
"A",6.1342148670578,0,1.22684297341156,0.61342148670578
"A",0.283111494276551,1,0.404050419572741,0.415623423785253
"A",5.9933750603455,0,1.1986750120691,0.59933750603455
"A",8.01437095146122,0,1.60287419029224,0.801437095146122
"A",6.60404383342839,0,1.32080876668568,0.660404383342839
"A",7.13659738425281,0,1.42731947685056,0.713659738425281
"A",5.05062254220262,0,1.01012450844052,0.505062254220262
"A",10.9676539830281,0,2.19353079660562,1.09676539830281
"A",5.020990324114,0,1.0041980648228,0.5020990324114
"A",5.69592033979278,0,1.13918406795856,0.569592033979278
"A",5.40528695186961,0,1.08105739037392,0.540528695186961
"A",3.77604013257622,0,0.755208026515245,0.377604013257622
"A",8.05064184953394,0,1.61012836990679,0.805064184953394
"A",2.16066690874741,1,0.0941558626946062,1.57777592796396
"A",3.33195030667908,0,0.666390061335816,0.333195030667908
"A",9.7965944878306,0,1.95931889756612,0.97965944878306
"A",3.72692578164825,0,0.745385156329651,0.372692578164825
"A",6.36757376239292,0,1.27351475247858,0.636757376239292
"A",10.1469105893285,0,2.0293821178657,1.01469105893285
"A",4.96993073138582,0,0.993986146277164,0.496993073138582
"A",5.22723668489498,0,1.045447336979,0.522723668489498
"A",5.08873256704505,0,1.01774651340901,0.508873256704505
"A",2.40082915932965,0,0.480165831865931,0.240082915932965
"A",1.97077178437078,1,0.528670215513557,1.79921840821101
"A",9.4527861529015,0,1.8905572305803,0.94527861529015
"A",2.07468855852892,0,0.414937711705784,0.207468855852892
"A",4.13493386345969,0,0.826986772691938,0.413493386345969
"A",5.7085597371237,0,1.14171194742474,0.57085597371237
"A",6.80981300710938,0,1.36196260142188,0.680981300710938
"A",6.909105063648,0,1.3818210127296,0.6909105063648
"A",4.10381490925645,0,0.820762981851291,0.410381490925645
"A",8.35404846073927,0,1.67080969214785,0.835404846073927
"A",3.69170630110169,0,0.738341260220338,0.369170630110169
"A",7.39997200173916,0,1.47999440034783,0.739997200173916
"A",0.932367429428781,1,0.514139857608825,0.951167360619516
"A",-1.0513713109531,1,0.835458695888519,-0.782173708309256
"A",4.63954078632874,0,0.927908157265747,0.463954078632874
"A",8.09478007319675,0,1.61895601463935,0.809478007319675
"A",1.22748312214429,0,0.245496624428858,0.122748312214429
"A",5.67685715558136,0,1.13537143111627,0.567685715558136
"A",3.79329178901017,0,0.758658357802034,0.379329178901017
"A",2.47130514645116,0,0.494261029290231,0.247130514645116
"A",4.60585292165928,0,0.921170584331857,0.460585292165928
"A",7.31367688465203,0,1.46273537693041,0.731367688465203
"A",1.25688234461197,0,0.251376468922394,0.125688234461197
"A",4.53483345260389,0,0.906966690520777,0.453483345260389
"A",1.93439642438779,0,0.386879284877559,0.193439642438779
"A",3.84480161678725,0,0.768960323357451,0.384480161678725
"A",2.11598259146729,1,0.493488887092099,1.88727511254815
"A",8.78295408143078,0,1.75659081628616,0.878295408143078
"A",3.06868651346861,0,0.613737302693722,0.306868651346861
"A",6.71660610426934,0,1.34332122085387,0.671660610426934
"A",7.38963791272243,0,1.47792758254449,0.738963791272244
"A",6.59508807314623,0,1.31901761462925,0.659508807314623
"A",4.98454856119132,0,0.996909712238265,0.498454856119132
"A",4.15918003382029,0,0.831836006764057,0.415918003382029
"A",5.81199958534986,0,1.16239991706997,0.581199958534986
"A",-1.26097674478491,0,-0.252195348956981,-0.126097674478491
"A",4.50608138490385,0,0.901216276980769,0.450608138490385
"A",1.70152482688048,1,0.587474207859486,1.62075567605824
"A",7.96759673624492,0,1.59351934724898,0.796759673624492
"A",3.6609019511524,0,0.732180390230479,0.36609019511524
"A",6.12949936812071,0,1.22589987362414,0.612949936812071
"A",3.81042240890462,0,0.762084481780924,0.381042240890462
"A",5.13523584418535,0,1.02704716883707,0.513523584418535
"A",0.401009226934451,0,0.0802018453868902,0.0401009226934451
"A",7.64451247566934,0,1.52890249513387,0.764451247566934
"A",3.33903381043429,0,0.667806762086857,0.333903381043429
"A",1.32062478366156,0,0.264124956732313,0.132062478366156
"A",8.36714374820581,0,1.67342874964116,0.836714374820581
"A",5.29597519419124,0,1.05919503883825,0.529597519419124
"A",4.24572649973979,0,0.849145299947958,0.424572649973979
"A",10.5880889092508,0,2.11761778185016,1.05880889092508
"A",3.08381517788522,0,0.616763035577044,0.308381517788522
"A",7.10167086697914,0,1.42033417339583,0.710167086697914
"A",0.0532898947855616,1,0.873444229131564,0.250592237299928
"A",8.28585629151591,0,1.65717125830318,0.828585629151591
"A",9.28074658489674,0,1.85614931697935,0.928074658489674
"A",4.00189452563325,0,0.80037890512665,0.400189452563325
"A",5.29962877830418,0,1.05992575566084,0.529962877830418
"A",12.9279075582937,0,2.58558151165873,1.29279075582937
"A",6.33428713235395,0,1.26685742647079,0.633428713235395
"A",11.5869855194477,0,2.31739710388953,1.15869855194477
"B",0.532256077140524,1,0.210849269526079,0.298115929740411
"B",4.76039745331536,0,0.952079490663072,0.476039745331536
"B",4.76334762294916,0,0.952669524589833,0.476334762294916
"B",2.53542569341944,0,0.507085138683887,0.253542569341944
"B",4.77653709769623,0,0.955307419539246,0.477653709769623
"B",10.0974258100264,0,2.01948516200529,1.00974258100264
"B",3.54722215503455,0,0.70944443100691,0.354722215503455
"B",-0.211173482866061,0,-0.0422346965732121,-0.0211173482866061
"B",4.4589076583583,0,0.89178153167166,0.44589076583583
"B",0.809681564228712,0,0.161936312845742,0.0809681564228712
"B",7.32638282896946,0,1.46527656579389,0.732638282896946
"B",1.02204801828855,0,0.204409603657709,0.102204801828855
"B",5.40692588987593,0,1.08138517797519,0.540692588987593
"B",6.45676562214254,0,1.29135312442851,0.645676562214254
"B",1.3036142238007,1,0.784150987863541,0.739253574934581
"B",5.60095210954502,0,1.120190421909,0.560095210954502
"B",4.50783377392911,0,0.901566754785822,0.450783377392911
"B",6.40199480898102,0,1.2803989617962,0.640199480898102
"B",6.04187789652019,0,1.20837557930404,0.604187789652019
"B",4.00616086692678,0,0.801232173385356,0.400616086692678
"B",2.27849098974539,0,0.455698197949079,0.227849098974539
"B",2.89170529850932,1,0.793197732884437,1.40664816462993
"B",6.35958684532787,0,1.27191736906557,0.635958684532787
"B",10.063555573992,0,2.01271111479839,1.0063555573992
"B",1.95971726990047,0,0.391943453980094,0.195971726990047
"B",0.886907159250609,1,0.624767254572362,0.510334936303291
"B",3.34060362550532,0,0.668120725101063,0.334060362550532
"B",6.11824606892076,0,1.22364921378415,0.611824606892076
"B",8.29290757620191,0,1.65858151524038,0.829290757620191
"B",9.2269241070229,0,1.84538482140458,0.92269241070229
"B",3.80523912782963,0,0.761047825565926,0.380523912782963
"B",0.319847024209221,1,0.973508605500683,0.356534234625507
"B",6.80136583487775,0,1.36027316697555,0.680136583487775
"B",4.42380671894604,0,0.884761343789208,0.442380671894604
"B",-0.0245657239207082,0,-0.00491314478414164,-0.00245657239207082
"B",9.80858039851902,0,1.96171607970381,0.980858039851903
"B",0.436387509946265,0,0.0872775019892529,0.0436387509946265
"B",3.56837212419264,0,0.713674424838528,0.356837212419264
"B",4.83403609151612,0,0.966807218303224,0.483403609151612
"B",6.60528813972391,0,1.32105762794478,0.660528813972391
"B",5.07975200891415,0,1.01595040178283,0.507975200891415
"B",7.9357938092982,0,1.58715876185964,0.79357938092982
"B",9.67320241942045,0,1.93464048388409,0.967320241942045
"B",2.31374809752338,1,0.0838644283358008,0.508991274357075
"B",-0.0737181428961184,0,-0.0147436285792237,-0.00737181428961184
"B",-0.124150827454485,0,-0.0248301654908969,-0.0124150827454485
"B",0.435773223381135,0,0.087154644676227,0.0435773223381135
"B",5.33953293379829,0,1.06790658675966,0.533953293379829
"B",-0.821045642347424,0,-0.164209128469485,-0.0821045642347424
"B",7.18491944216185,0,1.43698388843237,0.718491944216185
"B",4.16208711550209,0,0.832417423100417,0.416208711550209
"B",5.3959624391366,0,1.07919248782732,0.53959624391366
"B",7.02444310052386,0,1.40488862010477,0.702444310052386
"B",4.29121777775197,0,0.858243555550395,0.429121777775197
"B",6.76167252884698,0,1.3523345057694,0.676167252884698
"B",6.59081122402044,0,1.31816224480409,0.659081122402044
"B",6.82989045947147,0,1.36597809189429,0.682989045947147
"B",11.6736308608526,0,2.33472617217053,1.16736308608526
"B",4.22892094941572,0,0.845784189883144,0.422892094941572
"B",0.273732920131855,0,0.054746584026371,0.0273732920131855
"B",6.86148435040295,0,1.37229687008059,0.686148435040295
"B",-1.40959129543223,1,0.866049338132143,-0.42926937292159
"B",7.30001794362162,0,1.46000358872432,0.730001794362162
"B",5.93743486062327,0,1.18748697212466,0.593743486062328
"B",5.63686235384969,0,1.12737247076994,0.563686235384969
"B",7.1976765956265,0,1.4395353191253,0.71976765956265
"B",3.0521859513862,0,0.610437190277239,0.30521859513862
"B",5.11870691631223,0,1.02374138326245,0.511870691631223
"B",5.68924529712393,0,1.13784905942479,0.568924529712393
"B",5.10834991215317,0,1.02166998243063,0.510834991215317
"B",6.95439494962443,0,1.39087898992489,0.695439494962443
"B",3.62672759057198,0,0.725345518114395,0.362672759057198
"B",5.33448738418766,0,1.06689747683753,0.533448738418766
"B",1.40759967915914,1,0.728040995309129,0.750676076480646
"B",0.702754554077975,1,0.430670651141554,0.391337759966779
"B",1.84220965822623,1,0.0875904692802578,0.448764969213286
"B",-1.34529852751012,1,0.720996474614367,-0.32251205100649
"B",11.8193822417515,0,2.3638764483503,1.18193822417515
"B",6.98945076978825,0,1.39789015395765,0.698945076978825
"B",9.43606767486132,0,1.88721353497226,0.943606767486132
"B",1.81385705983042,0,0.362771411966083,0.181385705983042
"B",5.74901151103501,0,1.149802302207,0.574901151103501
"B",1.34520637158538,0,0.269041274317075,0.134520637158538
"B",7.27943009562854,0,1.45588601912571,0.727943009562854
"B",6.50810434933712,0,1.30162086986742,0.650810434933712
"B",6.04569235080537,0,1.20913847016108,0.604569235080538
"B",2.66465040792757,1,0.955366739071906,1.48475238918811
"B",5.29747166358864,0,1.05949433271773,0.529747166358864
"B",6.16365850177492,0,1.23273170035498,0.616365850177492
"B",4.51695889273062,0,0.903391778546123,0.451695889273062
"B",4.73558126226648,0,0.947116252453297,0.473558126226649
"B",6.11213557511399,0,1.2224271150228,0.611213557511399
"B",5.27933099967972,0,1.05586619993594,0.527933099967972
"B",5.65290748944929,0,1.13058149788986,0.565290748944929
"B",3.72125047232899,0,0.744250094465798,0.372125047232899
"B",2.3994038634127,0,0.479880772682541,0.23994038634127
"B",7.68106582478261,0,1.53621316495652,0.768106582478261
"B",5.89357569481866,0,1.17871513896373,0.589357569481866
"B",3.82254916390461,0,0.764509832780921,0.382254916390461
"B",3.52938986653841,0,0.705877973307682,0.352938986653841
"B",13.2872979803921,0,2.65745959607841,1.32872979803921
"B",5.43208523419896,0,1.08641704683979,0.543208523419896
"B",4.33481214301245,0,0.86696242860249,0.433481214301245
"B",10.0485843174316,0,2.00971686348632,1.00485843174316
"B",-2.31266957855365,1,0.802653805818409,-0.773776173385984
"B",4.02541436945867,0,0.805082873891733,0.402541436945867
"B",6.95474023447006,0,1.39094804689401,0.695474023447006
"B",0.967028165396814,0,0.193405633079363,0.0967028165396814
"B",5.91276365368321,0,1.18255273073664,0.591276365368321
"B",1.94416421218161,1,0.717404771829024,0.952317494433483
"B",6.26586970405112,0,1.25317394081022,0.626586970405112
"B",8.07996241172501,0,1.615992482345,0.807996241172501
"B",7.1018499747147,0,1.42036999494294,0.71018499747147
"B",8.11642213932607,0,1.62328442786521,0.811642213932607
"B",2.6708798777156,1,0.349376318277791,0.840344859066966
"B",8.90097006612815,0,1.78019401322563,0.890097006612815
"B",14.5852481546217,0,2.91704963092435,1.45852481546217
"B",8.40152998150872,0,1.68030599630174,0.840152998150872
"B",8.96274677047576,0,1.79254935409515,0.896274677047576
"B",7.46260077418054,0,1.49252015483611,0.746260077418054
"B",4.95438254180308,0,0.990876508360616,0.495438254180308
"B",12.0773572231738,0,2.41547144463475,1.20773572231738
"B",1.34401338064114,1,0.890698391245678,0.813245560444003
"B",9.72075037342885,0,1.94415007468577,0.972075037342885
"B",9.25815964300086,0,1.85163192860017,0.925815964300086
"B",7.54802617878362,0,1.50960523575672,0.754802617878362
"B",3.25936960372732,0,0.651873920745465,0.325936960372732
"B",7.12768997990817,0,1.42553799598163,0.712768997990817
"B",5.97938900150518,0,1.19587780030104,0.597938900150518
"B",4.78966029236466,0,0.957932058472931,0.478966029236466
"B",5.29057914357823,0,1.05811582871565,0.529057914357823
"B",3.29378431672577,0,0.658756863345154,0.329378431672577
"B",8.23957378737824,0,1.64791475747565,0.823957378737824
"B",3.4804177644335,0,0.696083552886699,0.34804177644335
"B",11.2115401935898,0,2.24230803871796,1.12115401935898
"B",6.91082212626335,0,1.38216442525267,0.691082212626335
"B",3.84314859285977,0,0.768629718571955,0.384314859285977
"B",2.56728432989571,1,0.0449861991219223,0.502925378616483
"B",0.889421542654611,0,0.177884308530922,0.0889421542654611
"B",2.73397567100258,1,0.537223536288366,1.0608999983412
"B",0.665180333656611,1,0.809004930546507,0.481771701217969
"B",8.0692330615075,0,1.6138466123015,0.80692330615075
"B",9.19786359375665,0,1.83957271875133,0.919786359375665
"B",6.73680091333533,0,1.34736018266707,0.673680091333533
"B",4.3132655606963,0,0.862653112139259,0.43132655606963
"B",5.7960844866744,0,1.15921689733488,0.57960844866744
"B",7.08489638670682,0,1.41697927734136,0.708489638670682
"B",8.20930865279104,0,1.64186173055821,0.820930865279104
"B",6.27633808178541,0,1.25526761635708,0.627633808178541
"B",4.22973733407563,0,0.845947466815126,0.422973733407563
"B",8.55610024383583,0,1.71122004876717,0.855610024383583
"B",0.707917974710183,1,0.451224421616644,0.39856374894727
"B",7.20684367039019,0,1.44136873407804,0.720684367039019
"B",2.75686665713262,0,0.551373331426524,0.275686665713262
"B",9.50923562338311,0,1.90184712467662,0.950923562338311
"B",7.57474258872881,0,1.51494851774576,0.757474258872881
"B",5.27511269226916,0,1.05502253845383,0.527511269226916
"B",12.5982162051583,0,2.51964324103165,1.25982162051583
"B",2.76010772740707,1,0.364746749633923,0.878706901625189
"B",4.57383140338771,0,0.914766280677542,0.457383140338771
"B",10.5091066064944,0,2.10182132129888,1.05091066064944
"B",5.22869561655892,0,1.04573912331178,0.522869561655892
"B",8.68912390815182,0,1.73782478163036,0.868912390815182
"B",6.67122634877647,0,1.33424526975529,0.667122634877647
"B",9.17606107211124,0,1.83521221442225,0.917606107211124
"B",6.92590649309243,0,1.38518129861849,0.692590649309243
"B",6.70200988968783,0,1.34040197793757,0.670200988968783
"B",10.2641767041398,0,2.05283534082797,1.02641767041398
"B",2.94751824384977,0,0.589503648769955,0.294751824384977
"B",5.08462747970175,0,1.01692549594035,0.508462747970175
"B",7.88504450989297,0,1.57700890197859,0.788504450989297
"B",4.54942323404767,0,0.909884646809533,0.454942323404767
"B",5.25317177704887,0,1.05063435540977,0.525317177704887
"B",0.419398860742933,0,0.0838797721485866,0.0419398860742933
"B",6.71635548023708,0,1.34327109604742,0.671635548023708
"B",8.39447038436764,0,1.67889407687353,0.839447038436764
"B",2.30939768818698,0,0.461879537637396,0.230939768818698
"B",7.73460212264879,0,1.54692042452976,0.773460212264879
"B",6.35439627013691,0,1.27087925402738,0.635439627013691
"B",-1.78513604457882,0,-0.357027208915765,-0.178513604457882
"B",2.3659520456696,1,0.608444349607453,1.01241526601891
"B",4.56686037812865,0,0.91337207562573,0.456686037812865
"B",8.54771601743468,0,1.70954320348694,0.854771601743468
"B",3.28370494807255,0,0.65674098961451,0.328370494807255
"B",8.55821266009761,0,1.71164253201952,0.855821266009761
"B",3.50793396634996,0,0.701586793269992,0.350793396634996
"B",4.71702687902046,0,0.943405375804092,0.471702687902046
"B",3.6545809635826,0,0.730916192716519,0.36545809635826
"B",2.68131477780893,1,0.900358591694385,1.43378939667585
"B",-2.32540928617277,1,0.795021906262264,-0.772041458030497
"B",11.1404913611512,0,2.22809827223025,1.11404913611512
"B",-0.285839969520429,0,-0.0571679939040857,-0.0285839969520429
"B",7.03876966134508,0,1.40775393226902,0.703876966134508
"B",4.80693802524193,0,0.961387605048386,0.480693802524193
"B",7.56289812638659,0,1.51257962527732,0.756289812638659
"B",1.69242962573761,0,0.338485925147522,0.169242962573761
"B",1.81419690332156,0,0.362839380664313,0.181419690332156
"B",4.66827748606182,0,0.933655497212363,0.466827748606182
"B",7.14916173663757,0,1.42983234732751,0.714916173663757
"B",10.3694811850585,0,2.0738962370117,1.03694811850585
"B",-0.473077765567888,1,0.303003036882728,0.095354623583705
"B",5.32246285868413,0,1.06449257173683,0.532246285868413
"B",5.4992600096078,0,1.09985200192156,0.54992600096078
"B",2.48350838282489,0,0.496701676564979,0.248350838282489
"B",11.1659893118427,0,2.23319786236854,1.11659893118427
"B",5.51439052606901,0,1.1028781052138,0.551439052606901
"B",10.3925745479304,0,2.07851490958608,1.03925745479304
"B",-0.7875735853059,0,-0.15751471706118,-0.07875735853059
"B",3.84234690490653,0,0.768469380981307,0.384234690490653
"B",2.90435497404567,1,0.321458408609033,0.863887228601546
"B",10.0505780819481,0,2.01011561638962,1.00505780819481
"B",4.92716235601947,0,0.985432471203895,0.492716235601947
"B",6.91062068468661,0,1.38212413693732,0.691062068468661
"B",1.58370345063135,1,0.718416068004444,0.813473547418192
"B",6.07983339684131,0,1.21596667936826,0.607983339684131
"B",3.98402154509886,0,0.796804309019772,0.398402154509886
"B",6.27754280700122,0,1.25550856140024,0.627754280700122
"B",0.2473397847855,0,0.0494679569571,0.02473397847855
"B",6.09015500045673,0,1.21803100009135,0.609015500045673
"B",5.9847865201378,0,1.19695730402756,0.59847865201378
"B",0.860168861242043,1,0.776650691404939,0.553237182447657
"B",5.46395903648745,0,1.09279180729749,0.546395903648745
"B",7.42210414857889,0,1.48442082971578,0.742210414857889
"B",3.84014299011284,0,0.768028598022567,0.384014299011284
"B",2.79319898106738,0,0.558639796213477,0.279319898106738
"B",1.48460819040288,0,0.296921638080576,0.148460819040288
"B",7.12969180600774,0,1.42593836120155,0.712969180600774
"B",6.60633155665616,0,1.32126631133123,0.660633155665616
"B",1.9292032831746,1,0.378101261565462,0.68469400639128
"B",1.13004771386469,1,0.738284400897101,0.646723411152763
"B",2.54769434449293,1,0.485711069544777,0.94974677242403
"B",8.58244965151296,0,1.71648993030259,0.858244965151296
"B",4.36023912287666,0,0.872047824575332,0.436023912287666
"B",3.377310342859,0,0.675462068571799,0.3377310342859
"B",2.24965538633331,0,0.449931077266663,0.224965538633331
"B",2.75956827742709,0,0.551913655485418,0.275956827742709
"B",7.27072926485738,0,1.45414585297148,0.727072926485738
"B",5.10415381078188,0,1.02083076215638,0.510415381078188
"B",6.29414842899568,0,1.25882968579914,0.629414842899568
"B",3.63555613305708,0,0.727111226611416,0.363555613305708
"B",-0.540205170363269,0,-0.108041034072654,-0.0540205170363269
"B",3.86654420406577,0,0.773308840813154,0.386654420406577
"B",1.54295127426239,0,0.308590254852478,0.154295127426239
"B",3.39181650087656,0,0.678363300175312,0.339181650087656
"B",3.85723601448475,0,0.771447202896949,0.385723601448475
"B",2.89098718239499,1,0.95550024532713,1.5940343030459
"B",3.43707745410844,0,0.687415490821689,0.343707745410844
"B",5.5700041381014,0,1.11400082762028,0.557000413810141
"B",6.70933909845589,0,1.34186781969118,0.670933909845589
"B",5.84370420825349,0,1.1687408416507,0.584370420825349
"B",10.2300305138172,0,2.04600610276343,1.02300305138172
"B",8.82785887685298,0,1.7655717753706,0.882785887685298
"B",9.95558178219815,0,1.99111635643963,0.995558178219815
"B",5.16560887086093,0,1.03312177417219,0.516560887086093
"B",0.202820361938747,1,0.445517818210647,0.256426070249733
"B",2.33191653878413,1,0.294808988692239,0.708179636483875
"B",4.10466596433957,0,0.820933192867914,0.410466596433957
"B",12.3210018682331,0,2.46420037364663,1.23210018682331
"B",6.01052432613836,0,1.20210486522767,0.601052432613836
"B",8.92920300379291,0,1.78584060075858,0.892920300379291
"B",7.22146805493617,0,1.44429361098723,0.722146805493617
"B",10.3724165040282,0,2.07448330080563,1.03724165040282
"B",6.16030731193597,0,1.23206146238719,0.616030731193597
"B",7.02016224746829,0,1.40403244949366,0.702016224746829
"B",2.52507408018719,1,0.199893430573866,0.654405696155426
"B",5.04587758829014,0,1.00917551765803,0.504587758829014
"B",6.14927655292012,0,1.22985531058402,0.614927655292012
"B",7.00432288813665,0,1.40086457762733,0.700432288813665
"B",6.18510044002504,0,1.23702008800501,0.618510044002504
"B",6.79841488089586,0,1.35968297617917,0.679841488089586
"B",3.90408922513945,0,0.780817845027889,0.390408922513945
"B",1.41860820505796,0,0.283721641011593,0.141860820505796
"B",5.12928313478839,0,1.02585662695768,0.512928313478839
"B",6.61948661264581,0,1.32389732252916,0.661948661264581
"B",4.51764944486381,0,0.903529888972762,0.451764944486381
"B",7.54358683078669,0,1.50871736615734,0.754358683078669
"B",5.86579033872722,0,1.17315806774544,0.586579033872722
"B",2.06072164716221,1,0.393414335791022,0.730359139943623
"B",7.94668037579,0,1.589336075158,0.794668037579
"B",2.51172151908496,1,0.870827418752015,1.32608253874396
"B",6.99820774907051,0,1.3996415498141,0.699820774907051
"B",7.77345286095184,0,1.55469057219037,0.777345286095184
"B",1.67419926292413,1,0.535720931831747,0.726181361974709
"B",6.00726922761321,0,1.20145384552264,0.600726922761321
"B",5.5739881133001,0,1.11479762266002,0.55739881133001
"B",1.7563501338874,0,0.35127002677748,0.17563501338874
"B",7.13599630354595,0,1.42719926070919,0.713599630354595
"B",8.09070727092003,0,1.61814145418401,0.809070727092003
"B",-3.65416963222618,0,-0.730833926445236,-0.365416963222618
"B",1.8675784118644,1,0.206280681537464,0.540855980236058
"B",4.44882182824786,0,0.889764365649572,0.444882182824786
"B",7.96522621490152,0,1.5930452429803,0.796522621490152
"B",6.95721829273223,0,1.39144365854645,0.695721829273223
"B",0.378977900140931,0,0.0757955800281863,0.0378977900140932
"B",3.87228523849427,0,0.774457047698854,0.387228523849427
"B",2.80179234469449,0,0.560358468938899,0.280179234469449
"B",-0.885567640874831,1,0.132510873954743,0.0645042990971714
"B",4.35869554898062,0,0.871739109796124,0.435869554898062
"B",3.67754051817664,0,0.735508103635328,0.367754051817664
"B",3.52497177399114,0,0.704994354798228,0.352497177399114
"B",0.841178760587316,1,0.11713121808134,0.323529193199429
"B",7.72132711018768,0,1.54426542203754,0.772132711018768
"B",8.81163028732335,0,1.76232605746467,0.881163028732335
"B",7.43559054167412,0,1.48711810833482,0.743559054167412
"B",4.50899817759216,0,0.901799635518431,0.450899817759216
"B",3.7346871016635,0,0.746937420332701,0.37346871016635
"B",3.7180728620017,0,0.743614572400339,0.37180728620017
"B",8.52612897208009,0,1.70522579441602,0.852612897208009
"B",1.8659996212016,1,0.522806972498074,0.776823007177344
"B",6.970916178148,0,1.3941832356296,0.6970916178148
"B",5.47488034539926,0,1.09497606907985,0.547488034539926
"B",5.18526106847766,0,1.03705221369553,0.518526106847766
"B",5.54391043942446,0,1.10878208788489,0.554391043942446
"B",10.9249856656351,0,2.18499713312701,1.09249856656351
"B",9.69920894304374,0,1.93984178860875,0.969920894304374
"B",7.21347218408174,0,1.44269443681635,0.721347218408174
"B",2.92721553290069,0,0.585443106580137,0.292721553290069
"B",7.40301990748743,0,1.48060398149749,0.740301990748743
"B",4.57819992430452,0,0.915639984860904,0.457819992430452
"B",4.35715421843045,0,0.87143084368609,0.435715421843045
"B",8.31188896645554,0,1.66237779329111,0.831188896645555
"B",6.03480356234803,0,1.20696071246961,0.603480356234803
"B",7.71373964969935,0,1.54274792993987,0.771373964969935
"B",9.87567293788226,0,1.97513458757645,0.987567293788226
"B",3.70277264743681,0,0.740554529487363,0.370277264743682
"B",3.32106824750671,0,0.664213649501341,0.332106824750671
"B",-0.95376248332349,0,-0.190752496664698,-0.095376248332349
"B",3.38491096462423,0,0.676982192924847,0.338491096462423
"B",-0.183247955229296,0,-0.0366495910458593,-0.0183247955229296
"B",1.45660828269231,0,0.291321656538463,0.145660828269231
"B",5.73781467899057,0,1.14756293579811,0.573781467899057
"B",4.28467841899495,0,0.856935683798989,0.428467841899495
"B",4.58510324343695,0,0.917020648687389,0.458510324343695
"B",1.26918023687075,1,0.0267981078941375,0.340522675256983
"B",5.50716923672994,0,1.10143384734599,0.550716923672994
"B",5.05955982830853,0,1.01191196566171,0.505955982830853
"B",2.43747826330197,1,0.384859776124358,0.818982761819151
"B",-1.76768865290732,1,0.744649317581207,-0.503292124924122
"B",6.18916721363314,0,1.23783344272663,0.618916721363314
"B",11.4662119792794,0,2.29324239585587,1.14662119792794
"B",3.08691642741371,0,0.617383285482743,0.308691642741371
"B",5.71070737520911,0,1.14214147504182,0.571070737520912
"B",8.50262855514876,0,1.70052571102975,0.850262855514876
"B",6.12138875948966,0,1.22427775189793,0.612138875948966
"B",-2.34376752551047,0,-0.468753505102094,-0.234376752551047
"B",7.82800042583952,0,1.5656000851679,0.782800042583952
"B",6.0259698985499,0,1.20519397970998,0.60259698985499
"B",6.7955918467641,0,1.35911836935282,0.67955918467641
"B",9.32993203288234,0,1.86598640657647,0.932993203288234
"B",3.18622922563343,0,0.637245845126686,0.318622922563343
"B",11.5321530098811,0,2.30643060197621,1.15321530098811
"B",5.62424151194254,0,1.12484830238851,0.562424151194254
"B",9.02428972744019,0,1.80485794548804,0.902428972744019
"B",9.45525705482002,0,1.891051410964,0.945525705482002
"B",6.90154588122787,0,1.38030917624557,0.690154588122787
"B",6.54978719970136,0,1.30995743994027,0.654978719970136
"B",7.45339559024062,0,1.49067911804812,0.745339559024062
"B",6.7272140791747,0,1.34544281583494,0.67272140791747
"B",6.51002498967397,0,1.30200499793479,0.651002498967397
"B",6.38019204754431,0,1.27603840950886,0.638019204754431
"B",4.21711986837146,0,0.843423973674292,0.421711986837146
"B",2.83313964949807,0,0.566627929899615,0.283313964949807
"B",6.28785725784403,0,1.25757145156881,0.628785725784403
"B",0.894086747624902,0,0.17881734952498,0.0894086747624902
"B",0.185437822775413,0,0.0370875645550825,0.0185437822775413
"B",9.12686987684809,0,1.82537397536962,0.912686987684809
"B",6.97251781123181,0,1.39450356224636,0.697251781123181
"B",0.13461802877581,1,0.726985867135227,0.252607964630228
"B",5.1350546342367,0,1.02701092684734,0.51350546342367
"B",3.50739391756459,0,0.701478783512918,0.350739391756459
"B",2.51569185279748,1,0.826100513571873,1.28285491791358
"B",10.7339479470266,0,2.14678958940533,1.07339479470266
"B",7.79501857576871,0,1.55900371515374,0.779501857576871
"B",2.44226822807997,1,0.239696078235283,0.678387669315759
"B",2.99698595323761,0,0.599397190647522,0.299698595323761
"B",4.83821267644269,0,0.967642535288539,0.483821267644269
"B",9.09633531253531,0,1.81926706250706,0.909633531253532
"B",9.27433371846146,0,1.85486674369229,0.927433371846146
"B",1.694688354966,0,0.338937670993199,0.1694688354966
"B",5.97988308123207,0,1.19597661624641,0.597988308123207
"B",3.68393328048405,0,0.736786656096809,0.368393328048405
"B",10.5188836839787,0,2.10377673679575,1.05188836839787
"B",4.88268046100208,0,0.976536092200416,0.488268046100208
"B",2.0554606905527,1,0.0425112154334784,0.440498121947723
"B",4.37534051957938,0,0.875068103915876,0.437534051957938
"B",1.48784238991363,1,0.692558388225734,0.760951329988364
"B",4.69117166619505,0,0.938234333239009,0.469117166619505
"B",10.4700304117158,0,2.09400608234317,1.04700304117158
"B",3.86097049101695,0,0.77219409820339,0.386097049101695
"B",5.73610406717235,0,1.14722081343447,0.573610406717235
"B",0.807289856475744,0,0.161457971295149,0.0807289856475745
"B",9.85176150917817,0,1.97035230183563,0.985176150917817
"B",1.58390342023668,1,0.847907955758274,0.895592066492236
"B",3.0986572906218,0,0.619731458124361,0.30986572906218
"B",0.644783091560543,0,0.128956618312109,0.0644783091560543
"B",5.50901171471987,0,1.10180234294397,0.550901171471987
"B",9.34491876338476,0,1.86898375267695,0.934491876338476
"B",2.63927575201104,1,0.407769605284557,0.894414147854962
"B",3.50953030752444,0,0.701906061504889,0.350953030752444
"B",6.81357588557744,0,1.36271517711549,0.681357588557744
"B",6.25340017745905,0,1.25068003549181,0.625340017745905
"B",4.31419813137676,0,0.862839626275353,0.431419813137676
"B",6.39742773892801,0,1.2794855477856,0.639742773892801
"B",7.41338852061969,0,1.48267770412394,0.741338852061969
"B",5.35980493304439,0,1.07196098660888,0.535980493304439
"B",6.16178026986234,0,1.23235605397247,0.616178026986234
"B",5.83920400505183,0,1.16784080101037,0.583920400505183
"B",9.1711432347044,0,1.83422864694088,0.91711432347044
"B",4.33061726755654,0,0.866123453511308,0.433061726755654
"B",5.39605102368901,0,1.0792102047378,0.539605102368901
"B",7.26248411072142,0,1.45249682214428,0.726248411072142
"B",5.50056799078772,0,1.10011359815754,0.550056799078772
"B",2.33070744938215,0,0.466141489876431,0.233070744938215
"B",7.66997658829593,0,1.53399531765919,0.766997658829593
"B",6.27811852498277,0,1.25562370499655,0.627811852498277
"B",3.55357173545517,0,0.710714347091034,0.355357173545517
"B",0.967938495592652,0,0.19358769911853,0.0967938495592652
"B",5.59275512297791,0,1.11855102459558,0.559275512297791
"B",2.54347174804887,1,0.140152484644204,0.596936728849441
"B",6.19631188691586,0,1.23926237738317,0.619631188691586
"B",1.16144619774602,1,0.37691550492309,0.491251451800381
"B",4.04378210354272,0,0.808756420708543,0.404378210354272
"B",7.87008249584879,0,1.57401649916976,0.787008249584879
"B",6.49514977143179,0,1.29902995428636,0.64951497714318
"B",-1.22754249837257,1,0.726382076740265,-0.279420197539177
"B",1.22111284115497,1,0.215694279409945,0.427466105855958
"B",4.32446498634454,0,0.864892997268909,0.432446498634455
"B",4.03190645141395,0,0.806381290282789,0.403190645141395
"B",11.7021323254507,0,2.34042646509014,1.17021323254507
"B",3.93968865643632,0,0.787937731287265,0.393968865643632
"B",4.83191356079066,0,0.966382712158132,0.483191356079066
"B",8.11311067193025,0,1.62262213438605,0.811311067193025
"B",6.66344008518143,0,1.33268801703629,0.666344008518143
"B",8.66780468556104,0,1.73356093711221,0.866780468556104
"B",4.91796870058768,0,0.983593740117535,0.491796870058768
"B",0.628938864229033,0,0.125787772845807,0.0628938864229033
"B",7.55308020536485,0,1.51061604107297,0.755308020536485
"B",7.83594135780948,0,1.5671882715619,0.783594135780948
"B",9.23573546947053,0,1.84714709389411,0.923573546947053
"B",12.2856927854801,0,2.45713855709601,1.22856927854801
"B",1.37418241213462,1,0.371563454624265,0.541656626948121
"B",0.433124316716819,1,0.317499940749258,0.298319209629543
"B",3.50010729340178,0,0.700021458680356,0.350010729340178
"B",4.35402828013612,0,0.870805656027223,0.435402828013612
"B",-0.237784301398229,1,0.75135422241874,0.104757474307997
"B",2.14195596487093,1,0.980157127371058,1.25397695868037
"B",4.46152376575305,0,0.89230475315061,0.446152376575305
"B",9.52238469725332,0,1.90447693945066,0.952238469725332
"B",2.02537775706842,1,0.38000536384061,0.710399540302626
"B",10.0738597533212,0,2.01477195066423,1.00738597533212
"B",8.67676558113399,0,1.7353531162268,0.867676558113399
"B",3.92503161585749,0,0.785006323171499,0.392503161585749
"B",8.56096590262258,0,1.71219318052452,0.856096590262258
"B",4.84178805887216,0,0.968357611774431,0.484178805887216
"B",1.37391604974993,1,0.856736156158149,0.808225027113689
"B",3.01797977568602,0,0.603595955137204,0.301797977568602
"B",3.82933063896369,0,0.765866127792738,0.382933063896369
"B",9.25555587723204,0,1.85111117544641,0.925555587723204
"B",10.2191515670022,0,2.04383031340044,1.02191515670022
"B",5.62358440639295,0,1.12471688127859,0.562358440639295
"B",7.4403025164198,0,1.48806050328396,0.74403025164198
"B",15.5100301568742,0,3.10200603137484,1.55100301568742
"B",1.6672317877303,0,0.333446357546061,0.16672317877303
"B",11.2215085074268,0,2.24430170148535,1.12215085074268
"B",7.64112880378386,0,1.52822576075677,0.764112880378386
"B",8.30334649329301,0,1.6606692986586,0.830334649329301
"B",4.88501833036802,0,0.977003666073603,0.488501833036802
"B",0.848166516568825,1,0.229703086195514,0.362747238242305
"B",0.748578837979326,1,0.177299869945273,0.32794705604494
"B",6.92084894984762,0,1.38416978996952,0.692084894984762
"B",10.4013509038901,0,2.08027018077803,1.04013509038901
"B",1.79474245748436,0,0.358948491496873,0.179474245748436
"B",11.928026584655,0,2.38560531693099,1.1928026584655
"B",8.48520936856407,0,1.69704187371282,0.848520936856408
"B",8.32242492335595,0,1.66448498467119,0.832242492335595
"B",5.99277227204473,0,1.19855445440895,0.599277227204473
"B",6.12977234725533,0,1.22595446945107,0.612977234725533
"B",1.94474577488513,0,0.388949154977025,0.194474577488513
"B",4.84709188874097,0,0.969418377748194,0.484709188874097
"B",6.80453391741946,0,1.36090678348389,0.680453391741946
"B",7.45371496322825,0,1.49074299264565,0.745371496322825
"B",4.43754357490869,0,0.887508714981739,0.443754357490869
"B",-0.989152801670824,0,-0.197830560334165,-0.0989152801670824
"B",6.17111788648778,0,1.23422357729756,0.617111788648778
"B",4.8281653788366,0,0.965633075767319,0.48281653788366
"B",5.23665969402223,0,1.04733193880445,0.523665969402223
"B",6.28656778119717,0,1.25731355623943,0.628656778119717
"B",3.99448139176195,0,0.79889627835239,0.399448139176195
"B",6.51487476942319,0,1.30297495388464,0.651487476942319
"B",-1.76620254078727,0,-0.353240508157455,-0.176620254078727
"B",-0.16807033501007,1,0.22937065619044,0.16777280528803
"B",7.49969903433912,0,1.49993980686782,0.749969903433912
"B",6.44318686199108,0,1.28863737239822,0.644318686199108
"B",2.87147565756495,0,0.574295131512989,0.287147565756495
"B",2.90608494327342,1,0.901304412633181,1.53831536747101
"B",3.61259256616609,0,0.722518513233218,0.361259256616609
"B",6.357882219416,0,1.2715764438832,0.6357882219416
"B",6.9947509717033,0,1.39895019434066,0.69947509717033
"B",3.94197339648529,0,0.788394679297057,0.394197339648529
"B",0.623690414532015,1,0.129969000117853,0.294793209277128
"C",3.80986335393627,0,0.761972670787255,0.380986335393627
"C",3.56362955105393,0,0.712725910210785,0.356362955105393
"C",3.62062376234543,0,0.724124752469086,0.362062376234543
"C",1.39262127429796,0,0.278524254859591,0.139262127429796
"C",5.5839201592904,0,1.11678403185808,0.55839201592904
"C",0.784399543340864,0,0.156879908668173,0.0784399543340864
"C",4.84731482338703,0,0.969462964677407,0.484731482338703
"C",7.7393762379316,0,1.54787524758632,0.77393762379316
"C",4.61183923355365,0,0.922367846710731,0.461183923355365
"C",4.95034810086538,0,0.990069620173076,0.495034810086538
"C",3.75883002864277,0,0.751766005728555,0.375883002864278
"C",5.3506501256211,0,1.07013002512422,0.53506501256211
"C",1.97434406231974,1,0.435688159428537,0.741513738468273
"C",4.83010425187547,0,0.966020850375095,0.483010425187547
"C",4.69730799601198,0,0.939461599202396,0.469730799601198
"C",-0.559062834951025,1,0.387630047509447,0.0574098951957649
"C",7.61581003507652,0,1.5231620070153,0.761581003507652
"C",5.13980632767753,0,1.02796126553551,0.513980632767753
"C",5.2127549260308,0,1.04255098520616,0.52127549260308
"C",4.33660706367908,0,0.867321412735817,0.433660706367908
"C",7.96285460280281,0,1.59257092056056,0.796285460280281
"C",11.2049860033082,0,2.24099720066164,1.12049860033082
"C",4.34759662391876,0,0.869519324783752,0.434759662391876
"C",5.4595588906814,0,1.09191177813628,0.54595588906814
"C",6.5960752220185,0,1.3192150444037,0.65960752220185
"C",4.61595585173017,0,0.923191170346034,0.461595585173017
"C",3.48300458514715,0,0.69660091702943,0.348300458514715
"C",7.30510239432536,0,1.46102047886507,0.730510239432536
"C",4.09719859286515,0,0.81943971857303,0.409719859286515
"C",5.31733459338279,0,1.06346691867656,0.531733459338279
"C",4.51324969641722,0,0.902649939283444,0.451324969641722
"C",5.06908526194549,0,1.0138170523891,0.506908526194549
"C",2.67053166947144,0,0.534106333894287,0.267053166947144
"C",3.24136617909548,0,0.648273235819096,0.324136617909548
"C",9.81130296242305,0,1.96226059248461,0.981130296242305
"C",0.138251288143511,0,0.0276502576287022,0.0138251288143511
"C",1.01407065508093,0,0.202814131016187,0.101407065508093
"C",8.58822151065463,0,1.71764430213093,0.858822151065463
"C",1.28264261316522,1,0.335858934326097,0.500579053788088
"C",5.32999833586095,0,1.06599966717219,0.532999833586095
"C",10.1496917251403,0,2.02993834502806,1.01496917251403
"C",0.106557996080899,1,0.859969769138843,0.247310461723925
"C",1.16627581699961,0,0.233255163399922,0.116627581699961
"C",7.47656412889442,0,1.49531282577888,0.747656412889442
"C",7.21516582168939,0,1.44303316433788,0.721516582168939
"C",6.20757655743149,0,1.2415153114863,0.620757655743149
"C",8.36014493747714,0,1.67202898749543,0.836014493747715
"C",5.54934645408938,0,1.10986929081788,0.554934645408938
"C",8.4342825866311,0,1.68685651732622,0.84342825866311
"C",4.87684617786465,0,0.97536923557293,0.487684617786465
"C",3.64992221550552,0,0.729984443101104,0.364992221550552
"C",7.78374215749861,0,1.55674843149972,0.778374215749861
"C",2.25965510590667,1,0.306147368391976,0.702680496249395
"C",4.95753897738874,0,0.991507795477748,0.495753897738874
"C",13.0098405519241,0,2.60196811038482,1.30098405519241
"C",4.46838450224294,0,0.893676900448587,0.446838450224294
"C",5.94985347798146,0,1.18997069559629,0.594985347798146
"C",4.0101233355098,0,0.80202466710196,0.40101233355098
"C",-1.59795841396509,0,-0.319591682793019,-0.159795841396509
"C",7.36510452307509,0,1.47302090461502,0.736510452307509
"C",-1.00486320905707,0,-0.200972641811415,-0.100486320905707
"C",4.01247821825489,0,0.802495643650977,0.401247821825489
"C",3.38790632159005,0,0.677581264318011,0.338790632159006
"C",4.2047819109759,0,0.84095638219518,0.42047819109759
"C",2.82094101827129,0,0.564188203654257,0.282094101827129
"C",6.07044981284058,0,1.21408996256812,0.607044981284058
"C",-1.38043605722716,0,-0.276087211445433,-0.138043605722716
"C",3.49575712285048,0,0.699151424570095,0.349575712285048
"C",4.75799341543854,0,0.951598683087708,0.475799341543854
"C",6.29579384296953,0,1.25915876859391,0.629579384296953
"C",5.62416304312362,0,1.12483260862472,0.562416304312362
"C",3.52129708436801,0,0.704259416873602,0.352129708436801
"C",1.58081074000021,1,0.523014595033601,0.688795909602412
"C",2.33073203585286,1,0.298228700878099,0.711109678444231
"C",6.58734992158306,0,1.31746998431661,0.658734992158306
"C",5.34707251810734,0,1.06941450362147,0.534707251810734
"C",2.69937352410595,0,0.53987470482119,0.269937352410595
"C",2.24969157675799,1,0.560600814875215,0.929440730135175
"C",7.32849105700091,0,1.46569821140018,0.732849105700091
"C",7.953327980634,0,1.5906655961268,0.7953327980634
"C",4.91290857124973,0,0.982581714249947,0.491290857124973
"C",4.66955202073804,0,0.933910404147608,0.466955202073804
"C",2.61454577645658,1,0.838820529403165,1.3387084465881
"C",2.51457177491798,1,0.541991398669779,0.996607686829137
"C",4.46194542644958,0,0.892389085289916,0.446194542644958
"C",5.122657978526,0,1.0245315957052,0.5122657978526
"C",-0.0732744547384758,1,0.703212248394266,0.172061556899549
"C",9.79015942799509,0,1.95803188559902,0.979015942799509
"C",4.37402856756066,0,0.874805713512131,0.437402856756066
"C",5.69735856481195,0,1.13947171296239,0.569735856481195
"C",1.54107175660579,1,0.627022638451308,0.740621927208481
"C",4.56658757655253,0,0.913317515310506,0.456658757655253
"C",10.1350387025398,0,2.02700774050795,1.01350387025398
"C",6.55297815938616,0,1.31059563187723,0.655297815938616
"C",5.30106078228293,0,1.06021215645659,0.530106078228293
"C",3.22876220191474,0,0.645752440382949,0.322876220191474
"C",2.2500624981939,1,0.574104400584474,0.941714562540676
"C",-4.20473742879299,1,0.901996612083167,-1.73753730906753
"C",7.68804971319608,0,1.53760994263922,0.768804971319608
"C",3.90425214465576,0,0.780850428931153,0.390425214465576
"C",2.3893312881836,0,0.47786625763672,0.23893312881836
"C",7.25100683556112,0,1.45020136711222,0.725100683556112
"C",5.05332361566243,0,1.01066472313249,0.505332361566243
"C",4.64476630541618,0,0.928953261083237,0.464476630541618
"C",3.85838626179096,0,0.771677252358192,0.385838626179096
"C",6.76647777404551,0,1.3532955548091,0.676647777404551
"C",5.3160759179775,0,1.0632151835955,0.53160759179775
"C",6.34887359881767,0,1.26977471976353,0.634887359881767
"C",-0.0276764330774251,0,-0.00553528661548501,-0.00276764330774251
"C",7.35990528367328,0,1.47198105673466,0.735990528367328
"C",3.71665193932399,0,0.743330387864797,0.371665193932399
"C",4.31744149615116,0,0.863488299230232,0.431744149615116
"C",7.69210405330115,0,1.53842081066023,0.769210405330115
"C",6.13326707999609,0,1.22665341599922,0.613326707999609
"C",2.79722475076294,0,0.559444950152587,0.279722475076294
"C",7.10206771140462,0,1.42041354228092,0.710206771140462
"C",6.1892155925635,0,1.2378431185127,0.61892155925635
"C",8.1754871013311,0,1.63509742026622,0.81754871013311
"C",7.63028124285354,0,1.52605624857071,0.763028124285354
"C",8.22087396444818,0,1.64417479288964,0.822087396444818
"C",3.86454568521919,0,0.772909137043837,0.386454568521919
"C",0.490307377111018,1,0.302373506594449,0.308333122081576
"C",10.0774228325763,0,2.01548456651525,1.00774228325763
"C",3.64498857452309,0,0.728997714904618,0.364498857452309
"C",6.92243394533465,0,1.38448678906693,0.692243394533465
"C",4.64467947786926,0,0.928935895573851,0.464467947786926
"C",4.42346968673015,0,0.88469393734603,0.442346968673015
"C",6.96590504895983,0,1.39318100979197,0.696590504895983
"C",3.98644073747491,0,0.797288147494982,0.398644073747491
"C",2.09053190719475,1,0.253991907229647,0.621444465212605
"C",9.11434445126131,0,1.82286889025226,0.911434445126131
"C",10.3857662386499,0,2.07715324772998,1.03857662386499
"C",3.09441977476594,0,0.618883954953187,0.309441977476594
"C",3.8840095587553,0,0.776801911751061,0.38840095587553
"C",5.87759588375652,0,1.1755191767513,0.587759588375652
"C",6.68418572484194,0,1.33683714496839,0.668418572484194
"C",4.50642004586285,0,0.901284009172569,0.450642004586285
"C",3.19818610654313,0,0.639637221308626,0.319818610654313
"C",8.55815257940261,0,1.71163051588052,0.855815257940261
"C",0.888766430849231,0,0.177753286169846,0.0888766430849231
"C",-0.0741394098738155,1,0.49790878710337,0.177820193553886
"C",4.74159628941837,0,0.948319257883675,0.474159628941837
"C",5.45125144093021,0,1.09025028818604,0.545125144093021
"C",9.76256774680153,0,1.95251354936031,0.976256774680153
"C",7.43639096490332,0,1.48727819298066,0.743639096490332
"C",10.3637646390046,0,2.07275292780092,1.03637646390046
"C",4.45468252427508,0,0.890936504855015,0.445468252427508
"C",7.16757519587774,0,1.43351503917555,0.716757519587774
"C",6.95337730689042,0,1.39067546137808,0.695337730689042
"C",0.719777650547111,0,0.143955530109422,0.0719777650547111
"C",4.15949011070317,0,0.831898022140634,0.415949011070317
"C",0.628678255277665,1,0.766265700338408,0.455561658954914
"C",3.78506701722215,0,0.757013403444431,0.378506701722215
"C",9.70113273121656,0,1.94022654624331,0.970113273121656
"C",2.24315073882002,1,0.773681505583227,1.11850877022616
"C",4.23080558265454,0,0.846161116530908,0.423080558265454
"C",4.01227803496223,0,0.802455606992446,0.401227803496223
"C",4.04702159909276,0,0.809404319818553,0.404702159909276
"C",5.17363548055139,0,1.03472709611028,0.517363548055139
"C",6.12609690722027,0,1.22521938144406,0.612609690722028
"C",5.25340219026764,0,1.05068043805353,0.525340219026764
"C",4.1397845920313,0,0.827956918406259,0.41397845920313
"C",7.35806851179743,0,1.47161370235949,0.735806851179743
"C",4.09125592601041,0,0.818251185202083,0.409125592601041
"C",6.62590229233989,0,1.32518045846798,0.662590229233989
"C",9.58487009605344,0,1.91697401921069,0.958487009605344
"C",8.29160736042648,0,1.6583214720853,0.829160736042648
"C",7.53582200531342,0,1.50716440106268,0.753582200531342
"C",4.53709562978289,0,0.907419125956578,0.453709562978289
"C",2.13648443280639,1,0.570995587157086,0.901617716545541
"C",5.07583782575202,0,1.0151675651504,0.507583782575202
"C",8.15308693352243,0,1.63061738670449,0.815308693352244
"C",6.39622897448939,0,1.27924579489788,0.639622897448939
"C",6.25009492261087,0,1.25001898452217,0.625009492261087
"C",3.52143697277658,0,0.704287394555315,0.352143697277658
"C",4.46531193609256,0,0.893062387218511,0.446531193609256
"C",0.451794149635198,0,0.0903588299270396,0.0451794149635198
"C",2.11028165617967,1,0.777648908086121,1.06745145589088
"C",4.53662299394018,0,0.907324598788035,0.453662299394018
"C",-2.26970001993321,1,0.0261077359318733,-0.0506726934993142
"C",4.27169584680211,0,0.854339169360421,0.427169584680211
"C",1.49842217600888,0,0.299684435201776,0.149842217600888
"C",1.84634133546156,1,0.0850655401591212,0.447458142753817
"C",5.32930041805983,0,1.06586008361197,0.532930041805983
"C",10.8675080474235,0,2.17350160948471,1.08675080474235
"C",2.74875504203763,0,0.549751008407525,0.274875504203763
"C",7.69182138960553,0,1.53836427792111,0.769182138960553
"C",3.7279577070485,0,0.7455915414097,0.37279577070485
"C",8.26507125703823,0,1.65301425140765,0.826507125703823
"C",3.23856142642667,0,0.647712285285334,0.323856142642667
"C",6.53733062878038,0,1.30746612575608,0.653733062878038
"C",5.70390618294886,0,1.14078123658977,0.570390618294886
"C",6.5424758483923,0,1.30849516967846,0.65424758483923
"C",1.08322336565479,1,0.397878756048158,0.480718962665089
"C",-0.289877857909041,1,0.862412043847144,0.0710145518469486
"C",4.72820789337331,0,0.945641578674661,0.472820789337331
"C",1.74730487414078,1,0.807597924722359,0.939178403499422
"C",9.97540776977947,0,1.99508155395589,0.997540776977947
"C",2.92574816150184,1,0.752563612768427,1.37329945873835
"C",5.51795971183918,0,1.10359194236784,0.551795971183918
